Location_Nr.,State,latitude,longitude,area_patch,Otters,Notes
loc1-al1,Alaska,54,-132,2.02,,Island in front of Dall island 
loc1-al2,Alaska,54,-132,1.99,,Next to Duke Island 
loc1-al3,Alaska,55,-133,2.1,,Next to Lulu Island
loc1-al4,Alaska,57,-135,2.05,,In front of Japonski Island
loc1-al5,Alaska,55,-133,2.08,,Maurelle Islands Wilderness
loc2-wa1,Washington,48,-124,2.03,,Island Cape flattery
loc2-wa2,Washington,48,-124,2.01,,Shipwreck point
loc2-wa3,Washington,48,-124,2,,Flattery Rocks National Wildlife Refuge
loc2-wa4,Washington,47,-124,2,,Destruction Island
loc2-wa5,Washington,47,-124,1.99,,Cape Johnson
loc3-or1,Oregon,45,-123,2.04,,Cape Lookout Scenic Viewpoint
loc3-or2,Oregon,43,-124,1.99,,Cape Arago State Park 
loc3-or3,Oregon,43,-124,2.2,,Oregon Islands National Islands Refuge
loc3-or4,Oregon,42,-124,2.13,,
loc3-or5,Oregon,42,-124,2.06,,Arch Rock State Park
loc4-ca1,California,34,-119,2,,"Channel Island National Park, Sandstone point"
loc4-ca2,California,35,-120,2.01,,Cayucos point
loc4-ca3,California,36,-121,2,,Point Sur State Marine Rescue
loc4-ca4,California,36,-122,2.01,,San Jose
loc4-ca5,California,39,-123,2,,Mendocino
